"Município","Unidade Gestora","Ano","Nº da Conta","Tipo da Conta","Descrição da Conta","Código do Banco","Nome do Banco","Nº da Agência","Extrato","Débito","Crédito","Conciliado","no_key","Extrato","Mês/Ano"
"Bonito de Santa Fé","Prefeitura Municipal de Bonito de Santa Fé","2026","0005760099031","Conta Investimento - Fundo de Investimento","PM BONITO DE SANTA FÉ - APLIC 576009903-1                   ","104","CAIXA ECONOMICA FEDERAL","000400","353153.92","0","0","353153.92","08924037000118","Baixar","052026"
"Bonito de Santa Fé","Prefeitura Municipal de Bonito de Santa Fé","2026","0005760099031","Conta Corrente","PM BONITO DE SANTA FÉ - CC 576009903-1                      ","104","CAIXA ECONOMICA FEDERAL","000400","0","0","0","0","08924037000118","Baixar","052026"
"Bonito de Santa Fé","Prefeitura Municipal de Bonito de Santa Fé","2026","0005760093564","Conta Investimento - Fundo de Investimento","PM BONITO DE SANTA FÉ - APLIC 576009356-4                   ","104","CAIXA ECONOMICA FEDERAL","000400","1114177.57","0","0","1114177.57","08924037000118","Baixar","052026"
"Bonito de Santa Fé","Prefeitura Municipal de Bonito de Santa Fé","2026","0005760093564","Conta Corrente","PM BONITO DE SANTA FÉ - CC 576009356-4                      ","104","CAIXA ECONOMICA FEDERAL","000400","0","0","0","0","08924037000118","Baixar","052026"
"Bonito de Santa Fé","Prefeitura Municipal de Bonito de Santa Fé","2026","0005760093521","Conta Investimento - Fundo de Investimento","PM BONITO DE SANTA FÉ - APLIC 576009352-1                   ","104","CAIXA ECONOMICA FEDERAL","000400","190602.75","0","0","190602.75","08924037000118","Baixar","052026"
"Bonito de Santa Fé","Prefeitura Municipal de Bonito de Santa Fé","2026","0005760093521","Conta Corrente","PM BONITO DE SANTA FÉ - CC 576009352-1                      ","104","CAIXA ECONOMICA FEDERAL","000400","0","0","0","0","08924037000118","Baixar","052026"
"Bonito de Santa Fé","Prefeitura Municipal de Bonito de Santa Fé","2026","0005748937650","Conta Investimento - Fundo de Investimento","PM BONITO DE SANTA FÉ - APLIC 574893765-0                   ","104","CAIXA ECONOMICA FEDERAL","000400","422950.67","0","0","422950.67","08924037000118","Baixar","052026"
"Bonito de Santa Fé","Prefeitura Municipal de Bonito de Santa Fé","2026","0005748937650","Conta Corrente","PM BONITO DE SANTA FÉ - CC 574893765-0                      ","104","CAIXA ECONOMICA FEDERAL","000400","0","0","0","0","08924037000118","Baixar","052026"
"Bonito de Santa Fé","Prefeitura Municipal de Bonito de Santa Fé","2026","0005742151540","Conta Investimento - Fundo de Investimento","PM BONITO DE SANTA FÉ - APL 574215154-0                     ","104","CAIXA ECONOMICA FEDERAL","000400","302777.72","0","0","302777.72","08924037000118","Baixar","052026"
"Bonito de Santa Fé","Prefeitura Municipal de Bonito de Santa Fé","2026","0005742151540","Conta Corrente","PM BONITO DE SANTA FÉ - CC 574215154-0                      ","104","CAIXA ECONOMICA FEDERAL","000400","0","0","0","0","08924037000118","Baixar","052026"
"Bonito de Santa Fé","Prefeitura Municipal de Bonito de Santa Fé","2026","0005742151450","Conta Investimento - Fundo de Investimento","PM BONITO DE SANTA FÉ - APLIC 574215145-0                   ","104","CAIXA ECONOMICA FEDERAL","000400","537465.45","0","0","537465.45","08924037000118","Baixar","052026"
"Bonito de Santa Fé","Prefeitura Municipal de Bonito de Santa Fé","2026","0005742151450","Conta Corrente","PM BONITO DE SANTA FÉ - CC 574215145-0                      ","104","CAIXA ECONOMICA FEDERAL","000400","0","0","0","0","08924037000118","Baixar","052026"
"Bonito de Santa Fé","Prefeitura Municipal de Bonito de Santa Fé","2026","0005742151167","Conta Investimento - Fundo de Investimento","PM BONITO DE SANTA FÉ - CC 574215116-7                      ","104","CAIXA ECONOMICA FEDERAL","000400","371668.88","0","0","371668.88","08924037000118","Baixar","052026"
"Bonito de Santa Fé","Prefeitura Municipal de Bonito de Santa Fé","2026","0005742151167","Conta Corrente","PM BONITO DE SANTA FÉ - CC 574215116-7                      ","104","CAIXA ECONOMICA FEDERAL","000400","0","0","0","0","08924037000118","Baixar","052026"
"Bonito de Santa Fé","Prefeitura Municipal de Bonito de Santa Fé","2026","0005742151078","Conta Investimento - Fundo de Investimento","PM BONITO DE SANTA FÉ - APLIC 574215107-8                   ","104","CAIXA ECONOMICA FEDERAL","000400","754878.12","0","0","754878.12","08924037000118","Baixar","052026"
"Bonito de Santa Fé","Prefeitura Municipal de Bonito de Santa Fé","2026","0005742151078","Conta Corrente","PM BONITO DE SANTA FÉ - CC 574215107-8                      ","104","CAIXA ECONOMICA FEDERAL","000400","0","0","0","0","08924037000118","Baixar","052026"
"Bonito de Santa Fé","Prefeitura Municipal de Bonito de Santa Fé","2026","0005742151027","Conta Investimento - Fundo de Investimento","PM BONITO DE SANTA FÉ - APLIC 574215102-7                   ","104","CAIXA ECONOMICA FEDERAL","000400","240682.28","0","0","240682.28","08924037000118","Baixar","052026"
"Bonito de Santa Fé","Prefeitura Municipal de Bonito de Santa Fé","2026","0005742151027","Conta Corrente","PM BONITO DE SANTA FÉ - CC 574215102-7                      ","104","CAIXA ECONOMICA FEDERAL","000400","0","0","0","0","08924037000118","Baixar","052026"
"Bonito de Santa Fé","Prefeitura Municipal de Bonito de Santa Fé","2026","0005742150896","Conta Investimento - Fundo de Investimento","PM BONITO DE SANTA FE - APLIC 574215089-6                   ","104","CAIXA ECONOMICA FEDERAL","000400","106573.24","0","0","106573.24","08924037000118","Baixar","052026"
"Bonito de Santa Fé","Prefeitura Municipal de Bonito de Santa Fé","2026","0005742150896","Conta Corrente","PM BONITO DE SANTA FE - CC 574215089-6                      ","104","CAIXA ECONOMICA FEDERAL","000400","0","0","0","0","08924037000118","Baixar","052026"
"Bonito de Santa Fé","Prefeitura Municipal de Bonito de Santa Fé","2026","0005742150543","Conta Investimento - Fundo de Investimento","PM BONITO DE SANTA FE - APLIC 574215054-3                   ","104","CAIXA ECONOMICA FEDERAL","000400","0","0","0","0","08924037000118","Baixar","052026"
"Bonito de Santa Fé","Prefeitura Municipal de Bonito de Santa Fé","2026","0005742150543","Conta Corrente","PM BONITO DE SANTA FE - CC 574215054-3                      ","104","CAIXA ECONOMICA FEDERAL","000400","0","31767.86","0","31767.86","08924037000118","Baixar","052026"
"Bonito de Santa Fé","Prefeitura Municipal de Bonito de Santa Fé","2026","0000002831414","Conta Investimento - Outras Aplicações Financeiras de Liquidez Imediata","283.141-4 ICMS DESON (APLICACAO)                            ","001","BCO DO BRASIL S.A.","010324","1396.54","0","0","1396.54","08924037000118","Baixar","052026"
"Bonito de Santa Fé","Prefeitura Municipal de Bonito de Santa Fé","2026","0000002831414","Conta Corrente","283.141-4 ICMS DESON                                        ","001","BCO DO BRASIL S.A.","010324","0","1.78","0","1.78","08924037000118","Baixar","052026"
"Bonito de Santa Fé","Prefeitura Municipal de Bonito de Santa Fé","2026","0000001800000","Conta Investimento - Outras Aplicações Financeiras de Liquidez Imediata","FOPAG TEMP (APLICACAO)                                      ","001","BCO DO BRASIL S.A.","010324","3030.38","0","3030.38","0","08924037000118","Baixar","052026"
"Bonito de Santa Fé","Prefeitura Municipal de Bonito de Santa Fé","2026","0000001800000","Conta Corrente - Fopag","FOPAG TEMP                                                  ","001","BCO DO BRASIL S.A.","010324","0","0","0","0","08924037000118","Baixar","052026"
"Bonito de Santa Fé","Prefeitura Municipal de Bonito de Santa Fé","2026","000000112000X","Conta Investimento - Outras Aplicações Financeiras de Liquidez Imediata","PASEP/FOPAG (APLICACAO)                                     ","001","BCO DO BRASIL S.A.","010324","36.06","0","8.29","27.77","08924037000118","Baixar","052026"
"Bonito de Santa Fé","Prefeitura Municipal de Bonito de Santa Fé","2026","000000112000X","Conta Corrente - Fopag","PASEP/FOPAG                                                 ","001","BCO DO BRASIL S.A.","010324","0","0","0","0","08924037000118","Baixar","052026"
"Bonito de Santa Fé","Prefeitura Municipal de Bonito de Santa Fé","2026","0000000580147","Conta Investimento - Outras Aplicações Financeiras de Liquidez Imediata","58.014-7 FUS (APLICACAO)                                    ","001","BCO DO BRASIL S.A.","010324","1055.37","0","0","1055.37","08924037000118","Baixar","052026"
"Bonito de Santa Fé","Prefeitura Municipal de Bonito de Santa Fé","2026","0000000580147","Conta Corrente","58.014-7 FUS                                                ","001","BCO DO BRASIL S.A.","010324","0","0","0","0","08924037000118","Baixar","052026"
"Bonito de Santa Fé","Prefeitura Municipal de Bonito de Santa Fé","2026","0000000294845","Conta Investimento - Outras Aplicações Financeiras de Liquidez Imediata","BSF C. ESTADUAL 405/2021 CONST. DE GINASIO APLICA           ","001","BCO DO BRASIL S.A.","010324","86769.12","4237.07","0","91006.19","08924037000118","Baixar","052026"
"Bonito de Santa Fé","Prefeitura Municipal de Bonito de Santa Fé","2026","0000000294845","Conta Corrente","BSF COVENIO ESTADUAL 405/2021 CONST. DE GINASIO             ","001","BCO DO BRASIL S.A.","010324","0","0","0","0","08924037000118","Baixar","052026"
"Bonito de Santa Fé","Prefeitura Municipal de Bonito de Santa Fé","2026","0000000203130","Conta Investimento - Fundo de Investimento","PM BONITO DE SANTE FÉ - AP 20313-0                          ","001","BCO DO BRASIL S.A.","010324","7584.25","0","0","7584.25","08924037000118","Baixar","052026"
"Bonito de Santa Fé","Prefeitura Municipal de Bonito de Santa Fé","2026","0000000203130","Conta Corrente","PM BONITO DE SANTE FÉ - CC 20313-0                          ","001","BCO DO BRASIL S.A.","010324","0","0","0","0","08924037000118","Baixar","052026"
"Bonito de Santa Fé","Prefeitura Municipal de Bonito de Santa Fé","2026","0000000202746","Conta Investimento - Fundo de Investimento","PM BONITO DE SANTE FÉ - AP 20274-6                          ","001","BCO DO BRASIL S.A.","010324","100206.49","0","0","100206.49","08924037000118","Baixar","052026"
"Bonito de Santa Fé","Prefeitura Municipal de Bonito de Santa Fé","2026","0000000202746","Conta Corrente","PM BONITO DE SANTE FÉ - CC 20274-6                          ","001","BCO DO BRASIL S.A.","010324","0","0","0","0","08924037000118","Baixar","052026"
"Bonito de Santa Fé","Prefeitura Municipal de Bonito de Santa Fé","2026","000000020269X","Conta Investimento - Fundo de Investimento","PM BONITO DE SANTE FÉ - AP 20269-X                          ","001","BCO DO BRASIL S.A.","010324","100289.3","0","0","100289.3","08924037000118","Baixar","052026"
"Bonito de Santa Fé","Prefeitura Municipal de Bonito de Santa Fé","2026","000000020269X","Conta Corrente","PM BONITO DE SANTE FÉ - CC 20269-X                          ","001","BCO DO BRASIL S.A.","010324","0","0","0","0","08924037000118","Baixar","052026"
"Bonito de Santa Fé","Prefeitura Municipal de Bonito de Santa Fé","2026","0000000202681","Conta Investimento - Fundo de Investimento","PM BONITO DE SANTE FÉ - AP 20268-1                          ","001","BCO DO BRASIL S.A.","010324","401157.18","0","0","401157.18","08924037000118","Baixar","052026"
"Bonito de Santa Fé","Prefeitura Municipal de Bonito de Santa Fé","2026","0000000202681","Conta Corrente","PM BONITO DE SANTE FÉ - CC 20268-1                          ","001","BCO DO BRASIL S.A.","010324","0","0","0","0","08924037000118","Baixar","052026"
"Bonito de Santa Fé","Prefeitura Municipal de Bonito de Santa Fé","2026","000000020207X","Conta Investimento - Fundo de Investimento","PM BONITO DE SANTA FÉ - AP 20.207-X EMENDA                  ","001","BCO DO BRASIL S.A.","010324","100302.4","0","0","100302.4","08924037000118","Baixar","052026"
"Bonito de Santa Fé","Prefeitura Municipal de Bonito de Santa Fé","2026","000000020207X","Conta Corrente","PM BONITO DE SANTA FÉ - CC 20.207-X EMENDA                  ","001","BCO DO BRASIL S.A.","010324","0","0","0","0","08924037000118","Baixar","052026"
"Bonito de Santa Fé","Prefeitura Municipal de Bonito de Santa Fé","2026","0000000200433","Conta Investimento - Fundo de Investimento","PM BONITO DE SANTA FÉ - AP 20043-3                          ","001","BCO DO BRASIL S.A.","010324","1028.19","0","0","1028.19","08924037000118","Baixar","052026"
"Bonito de Santa Fé","Prefeitura Municipal de Bonito de Santa Fé","2026","0000000200433","Conta Corrente","PM BONITO DE SANTA FÉ - CC 20043-3                          ","001","BCO DO BRASIL S.A.","010324","0","0","0","0","08924037000118","Baixar","052026"
"Bonito de Santa Fé","Prefeitura Municipal de Bonito de Santa Fé","2026","0000000200425","Conta Investimento - Fundo de Investimento","PM BONITO DE SANTA FÉ - AP 20042-5                          ","001","BCO DO BRASIL S.A.","010324","277371.27","0","0","277371.27","08924037000118","Baixar","052026"
"Bonito de Santa Fé","Prefeitura Municipal de Bonito de Santa Fé","2026","0000000200425","Conta Corrente","PM BONITO DE SANTA FÉ - CC 20042-5                          ","001","BCO DO BRASIL S.A.","010324","0","0","0","0","08924037000118","Baixar","052026"
"Bonito de Santa Fé","Prefeitura Municipal de Bonito de Santa Fé","2026","0000000200395","Conta Investimento - Fundo de Investimento","PM BONITO DE SANTA FÉ - AP CONV 124 2025                    ","001","BCO DO BRASIL S.A.","010324","61098.11","0","0","61098.11","08924037000118","Baixar","052026"
"Bonito de Santa Fé","Prefeitura Municipal de Bonito de Santa Fé","2026","0000000200395","Conta Corrente","PM BONITO DE SANTA FÉ - CC CONV 124 2025                    ","001","BCO DO BRASIL S.A.","010324","0","0","0","0","08924037000118","Baixar","052026"
"Bonito de Santa Fé","Prefeitura Municipal de Bonito de Santa Fé","2026","0000000200298","Conta Investimento - Fundo de Investimento","PM BONITO SANTE FÉ - APL EMENDA 20029-8                     ","001","BCO DO BRASIL S.A.","010324","50.51","0","0","50.51","08924037000118","Baixar","052026"
"Bonito de Santa Fé","Prefeitura Municipal de Bonito de Santa Fé","2026","0000000200298","Conta Corrente","PM BONITO SANTE FÉ - CC EMENDA 20029-8                      ","001","BCO DO BRASIL S.A.","010324","0","0","0","0","08924037000118","Baixar","052026"
"Bonito de Santa Fé","Prefeitura Municipal de Bonito de Santa Fé","2026","0000000199923","Conta Investimento - Fundo de Investimento","PM BONITO DE SANTA FÉ - AP 19992-3                          ","001","BCO DO BRASIL S.A.","010324","0","0","0","0","08924037000118","Baixar","052026"
"Bonito de Santa Fé","Prefeitura Municipal de Bonito de Santa Fé","2026","0000000199923","Conta Corrente","PM BONITO DE SANTA FÉ - CC 19992-3                          ","001","BCO DO BRASIL S.A.","010324","0","0","0","0","08924037000118","Baixar","052026"
"Bonito de Santa Fé","Prefeitura Municipal de Bonito de Santa Fé","2026","0000000199915","Conta Investimento - Fundo de Investimento","PM BONITO DE SANTA FÉ - AP 19991-5                          ","001","BCO DO BRASIL S.A.","010324","253.48","0","0","253.48","08924037000118","Baixar","052026"
"Bonito de Santa Fé","Prefeitura Municipal de Bonito de Santa Fé","2026","0000000199915","Conta Corrente","PM BONITO DE SANTA FÉ - CC 19991-5                          ","001","BCO DO BRASIL S.A.","010324","0","0","0","0","08924037000118","Baixar","052026"
"Bonito de Santa Fé","Prefeitura Municipal de Bonito de Santa Fé","2026","0000000199907","Conta Investimento - Fundo de Investimento","PM BONITO DE SANTA FÉ - CC 19990-7                          ","001","BCO DO BRASIL S.A.","010324","685.77","0","0","685.77","08924037000118","Baixar","052026"
"Bonito de Santa Fé","Prefeitura Municipal de Bonito de Santa Fé","2026","0000000199907","Conta Corrente","PM BONITO DE SANTA FÉ - CC 19990-7                          ","001","BCO DO BRASIL S.A.","010324","0","0","0","0","08924037000118","Baixar","052026"
"Bonito de Santa Fé","Prefeitura Municipal de Bonito de Santa Fé","2026","0000000199893","Conta Investimento - Fundo de Investimento","PM BONITO DE SANTA FÉ - AP 19989-3                          ","001","BCO DO BRASIL S.A.","010324","140.78","0","0","140.78","08924037000118","Baixar","052026"
"Bonito de Santa Fé","Prefeitura Municipal de Bonito de Santa Fé","2026","0000000199893","Conta Corrente","PM BONITO DE SANTA FÉ - CC 19989-3                          ","001","BCO DO BRASIL S.A.","010324","0","0","0","0","08924037000118","Baixar","052026"
"Bonito de Santa Fé","Prefeitura Municipal de Bonito de Santa Fé","2026","0000000199168","Conta Investimento - Fundo de Investimento","PM BSF EMENDA INC. MAC SUS 19916-8 APL                      ","001","BCO DO BRASIL S.A.","010324","20.37","0","0","20.37","08924037000118","Baixar","052026"
"Bonito de Santa Fé","Prefeitura Municipal de Bonito de Santa Fé","2026","0000000199168","Conta Corrente","PM BSF EMENDA INC. MAC SUS 19916-8                          ","001","BCO DO BRASIL S.A.","010324","0","0","0","0","08924037000118","Baixar","052026"
"Bonito de Santa Fé","Prefeitura Municipal de Bonito de Santa Fé","2026","000000019915X","Conta Investimento - Fundo de Investimento","PM BSF EMENDA INC. MAC SUS 19915-X APL                      ","001","BCO DO BRASIL S.A.","010324","595.11","0","0","595.11","08924037000118","Baixar","052026"
"Bonito de Santa Fé","Prefeitura Municipal de Bonito de Santa Fé","2026","000000019915X","Conta Corrente","PM BSF EMENDA INC. MAC SUS 19915-X                          ","001","BCO DO BRASIL S.A.","010324","0","0","0","0","08924037000118","Baixar","052026"
"Bonito de Santa Fé","Prefeitura Municipal de Bonito de Santa Fé","2026","0000000199141","Conta Investimento - Fundo de Investimento","PM BSF EMENDA INC. MAC SUS 19914-1APL                       ","001","BCO DO BRASIL S.A.","010324","370.38","0","0","370.38","08924037000118","Baixar","052026"
"Bonito de Santa Fé","Prefeitura Municipal de Bonito de Santa Fé","2026","0000000199141","Conta Corrente","PM BSF EMENDA INC. MAC SUS 19914-1                          ","001","BCO DO BRASIL S.A.","010324","0","0","0","0","08924037000118","Baixar","052026"
"Bonito de Santa Fé","Prefeitura Municipal de Bonito de Santa Fé","2026","000000019901X","Conta Investimento - Fundo de Investimento","PM BONITO DE SANTA FÉ - AP 19901-X                          ","001","BCO DO BRASIL S.A.","010324","145.15","0","0","145.15","08924037000118","Baixar","052026"
"Bonito de Santa Fé","Prefeitura Municipal de Bonito de Santa Fé","2026","000000019901X","Conta Corrente","PM BONITO DE SANTA FÉ - CC 19901-X                          ","001","BCO DO BRASIL S.A.","010324","0","0","0","0","08924037000118","Baixar","052026"
"Bonito de Santa Fé","Prefeitura Municipal de Bonito de Santa Fé","2026","0000000197254","Conta Investimento - Fundo de Investimento","BONITO STA FE SME FUNDEB APL                                ","001","BCO DO BRASIL S.A.","010324","2957030.4","0","0","2957030.4","08924037000118","Baixar","052026"
"Bonito de Santa Fé","Prefeitura Municipal de Bonito de Santa Fé","2026","0000000197254","Conta Corrente","BONITO STA FE SME FUNDEB                                    ","001","BCO DO BRASIL S.A.","010324","0","0","0","0","08924037000118","Baixar","052026"
"Bonito de Santa Fé","Prefeitura Municipal de Bonito de Santa Fé","2026","0000000196312","Conta Investimento - Fundo de Investimento","PM BONITO DE SANTA FÉ - AP 19631-2                          ","001","BCO DO BRASIL S.A.","010324","407461.37","0","0","407461.37","08924037000118","Baixar","052026"
"Bonito de Santa Fé","Prefeitura Municipal de Bonito de Santa Fé","2026","0000000196312","Conta Corrente","PM BONITO DE SANTA FÉ - CC 19631-2                          ","001","BCO DO BRASIL S.A.","010324","0","0","0","0","08924037000118","Baixar","052026"
"Bonito de Santa Fé","Prefeitura Municipal de Bonito de Santa Fé","2026","0000000195502","Conta Investimento - Fundo de Investimento","PM BSF EMENDA INC. ATENÇÃO PRIMARIA SUS 19550-2 APLIC       ","001","BCO DO BRASIL S.A.","010324","120.71","0","0","120.71","08924037000118","Baixar","052026"
"Bonito de Santa Fé","Prefeitura Municipal de Bonito de Santa Fé","2026","0000000195502","Conta Corrente","PM BSF EMENDA INC. ATENÇÃO PRIMARIA SUS 19550-2             ","001","BCO DO BRASIL S.A.","010324","0","0","0","0","08924037000118","Baixar","052026"
"Bonito de Santa Fé","Prefeitura Municipal de Bonito de Santa Fé","2026","0000000195499","Conta Investimento - Fundo de Investimento","PM BSF EMENDA INC. ATENÇÃO PRIMARIA SUS 19549-9 AP          ","001","BCO DO BRASIL S.A.","010324","13.53","0","0","13.53","08924037000118","Baixar","052026"
"Bonito de Santa Fé","Prefeitura Municipal de Bonito de Santa Fé","2026","0000000195499","Conta Corrente","PM BSF EMENDA INC. ATENÇÃO PRIMARIA SUS 19549-9             ","001","BCO DO BRASIL S.A.","010324","0","0","0","0","08924037000118","Baixar","052026"
"Bonito de Santa Fé","Prefeitura Municipal de Bonito de Santa Fé","2026","0000000195480","Conta Investimento - Fundo de Investimento","PM BSF EMENDA INC. ATENÇÃO PRIMARIA SUS 19548-0 AP          ","001","BCO DO BRASIL S.A.","010324","0","0","0","0","08924037000118","Baixar","052026"
"Bonito de Santa Fé","Prefeitura Municipal de Bonito de Santa Fé","2026","0000000195480","Conta Corrente","PM BSF EMENDA INC. ATENÇÃO PRIMARIA SUS 19548-0             ","001","BCO DO BRASIL S.A.","010324","0","0","0","0","08924037000118","Baixar","052026"
"Bonito de Santa Fé","Prefeitura Municipal de Bonito de Santa Fé","2026","0000000195456","Conta Investimento - Fundo de Investimento","PM BSF EMENDA INC. MAC SUS 19545-6                          ","001","BCO DO BRASIL S.A.","010324","0","0","0","0","08924037000118","Baixar","052026"
"Bonito de Santa Fé","Prefeitura Municipal de Bonito de Santa Fé","2026","0000000195456","Conta Corrente","PM BSF EMENDA INC. MAC SUS 19545-6                          ","001","BCO DO BRASIL S.A.","010324","0","0","0","0","08924037000118","Baixar","052026"
"Bonito de Santa Fé","Prefeitura Municipal de Bonito de Santa Fé","2026","0000000194948","Conta Investimento - Fundo de Investimento","PM BSF EMENDA ESTADO 19494-8 APLIC                          ","001","BCO DO BRASIL S.A.","010324","1895.37","0","0","1895.37","08924037000118","Baixar","052026"
"Bonito de Santa Fé","Prefeitura Municipal de Bonito de Santa Fé","2026","0000000194948","Conta Corrente","PM BSF EMENDA ESTADO 19494-8                                ","001","BCO DO BRASIL S.A.","010324","0","0","0","0","08924037000118","Baixar","052026"
"Bonito de Santa Fé","Prefeitura Municipal de Bonito de Santa Fé","2026","0000000194921","Conta Investimento - Fundo de Investimento","PM BSF CONVENIO ESTADO APLIC                                ","001","BCO DO BRASIL S.A.","010324","442785.43","0","0","442785.43","08924037000118","Baixar","052026"
"Bonito de Santa Fé","Prefeitura Municipal de Bonito de Santa Fé","2026","0000000194921","Conta Corrente","PM BSF CONVENIO ESTADO                                      ","001","BCO DO BRASIL S.A.","010324","0","0","0","0","08924037000118","Baixar","052026"
"Bonito de Santa Fé","Prefeitura Municipal de Bonito de Santa Fé","2026","0000000194786","Conta Investimento - Fundo de Investimento","PM BSF 19478-6 CONV ESTADO APL                              ","001","BCO DO BRASIL S.A.","010324","0","0","0","0","08924037000118","Baixar","052026"
"Bonito de Santa Fé","Prefeitura Municipal de Bonito de Santa Fé","2026","0000000194786","Conta Corrente","PM BSF 19478-6 CONV ESTADO                                  ","001","BCO DO BRASIL S.A.","010324","0","0","0","0","08924037000118","Baixar","052026"
"Bonito de Santa Fé","Prefeitura Municipal de Bonito de Santa Fé","2026","0000000194573","Conta Investimento - Fundo de Investimento","PM BONITO DE SANTA FÉ 19457-3 APLIC                         ","001","BCO DO BRASIL S.A.","010324","883.44","0","0","883.44","08924037000118","Baixar","052026"
"Bonito de Santa Fé","Prefeitura Municipal de Bonito de Santa Fé","2026","0000000194573","Conta Corrente","PM BONITO DE SANTA FÉ 19457-3                               ","001","BCO DO BRASIL S.A.","010324","0","0","0","0","08924037000118","Baixar","052026"
"Bonito de Santa Fé","Prefeitura Municipal de Bonito de Santa Fé","2026","0000000194247","Conta Investimento - Fundo de Investimento","PM BSF TRANSP ESCOLAR 19424-7 APLIC                         ","001","BCO DO BRASIL S.A.","010324","22562.43","0","0","22562.43","08924037000118","Baixar","052026"
"Bonito de Santa Fé","Prefeitura Municipal de Bonito de Santa Fé","2026","0000000194247","Conta Corrente","PM BSF  TRANSP ESCOLAR 19424-7                              ","001","BCO DO BRASIL S.A.","010324","0","0","0","0","08924037000118","Baixar","052026"
"Bonito de Santa Fé","Prefeitura Municipal de Bonito de Santa Fé","2026","0000000192368","Conta Investimento - Fundo de Investimento","PM BSF 19236-8 SIGTV250240920240002 GND3 APL                ","001","BCO DO BRASIL S.A.","010324","0","0","0","0","08924037000118","Baixar","052026"
"Bonito de Santa Fé","Prefeitura Municipal de Bonito de Santa Fé","2026","0000000192368","Conta Corrente","PM BSF 19236-8 SIGTV250240920240002 GND3                    ","001","BCO DO BRASIL S.A.","010324","0","0","0","0","08924037000118","Baixar","052026"
"Bonito de Santa Fé","Prefeitura Municipal de Bonito de Santa Fé","2026","0000000191477","Conta Corrente","Convênio 54/2018 Aquisicao Equipamentos Corrente            ","237","BCO BRADESCO S.A.","001053","37293.72","4822.63","0","42116.35","08924037000118","Baixar","052026"
"Bonito de Santa Fé","Prefeitura Municipal de Bonito de Santa Fé","2026","0000000188700","Conta Corrente","CONVÊNIO TRANSPORTE ESCOLAR CORRENTE                        ","237","BCO BRADESCO S.A.","001053","0","0","0","0","08924037000118","Baixar","052026"
"Bonito de Santa Fé","Prefeitura Municipal de Bonito de Santa Fé","2026","0000000186414","Conta Investimento - Fundo de Investimento","PM BSF 18641-4 SIGTV250240920240001 GND3 APL                ","001","BCO DO BRASIL S.A.","010324","0","0","0","0","08924037000118","Baixar","052026"
"Bonito de Santa Fé","Prefeitura Municipal de Bonito de Santa Fé","2026","0000000186414","Conta Corrente","PM BSF 18641-4 SIGTV250240920240001 GND3                    ","001","BCO DO BRASIL S.A.","010324","0","0","0","0","08924037000118","Baixar","052026"
"Bonito de Santa Fé","Prefeitura Municipal de Bonito de Santa Fé","2026","0000000186376","Conta Corrente","PM BSF PROGRAMA CAST. 18637-6                               ","001","BCO DO BRASIL S.A.","010324","0","0","0","0","08924037000118","Baixar","052026"
"Bonito de Santa Fé","Prefeitura Municipal de Bonito de Santa Fé","2026","0000000186228","Conta Investimento - Fundo de Investimento","PM BSF 18622-8 E 656 24 SEDAM APL                           ","001","BCO DO BRASIL S.A.","010324","0","0","0","0","08924037000118","Baixar","052026"
"Bonito de Santa Fé","Prefeitura Municipal de Bonito de Santa Fé","2026","0000000186228","Conta Corrente","PM BSF 18622-8 E 656 24 SEDAM                               ","001","BCO DO BRASIL S.A.","010324","0","0","0","0","08924037000118","Baixar","052026"
"Bonito de Santa Fé","Prefeitura Municipal de Bonito de Santa Fé","2026","0000000186198","Conta Investimento - Fundo de Investimento","PM BSF - 18619-8 E 302 24 SEDAM APL                         ","001","BCO DO BRASIL S.A.","010324","14700.17","0","0","14700.17","08924037000118","Baixar","052026"
"Bonito de Santa Fé","Prefeitura Municipal de Bonito de Santa Fé","2026","0000000186198","Conta Corrente","PM BSF - 18619-8 E 302 24 SEDAM                             ","001","BCO DO BRASIL S.A.","010324","0","0","0","0","08924037000118","Baixar","052026"
"Bonito de Santa Fé","Prefeitura Municipal de Bonito de Santa Fé","2026","0000000185817","Conta Investimento - Outras Aplicações Financeiras de Liquidez Imediata","PM BSF - SALARIO EDUCAÇÃO APLIC - 18581-7                   ","001","BCO DO BRASIL S.A.","010324","38875.22","0","0","38875.22","08924037000118","Baixar","052026"
"Bonito de Santa Fé","Prefeitura Municipal de Bonito de Santa Fé","2026","0000000185817","Conta Corrente","PM BSF - Salário-Educação: Repasse a Estado/Municí          ","001","BCO DO BRASIL S.A.","010324","0","700","0","700","08924037000118","Baixar","052026"
"Bonito de Santa Fé","Prefeitura Municipal de Bonito de Santa Fé","2026","0000000184314","Conta Investimento - Fundo de Investimento","PM BSF BONITO SANTA 18431-4 APL                             ","001","BCO DO BRASIL S.A.","010324","0","0","0","0","08924037000118","Baixar","052026"
"Bonito de Santa Fé","Prefeitura Municipal de Bonito de Santa Fé","2026","0000000184314","Conta Corrente","PM BSF BONITO SANTA 18431-4                                 ","001","BCO DO BRASIL S.A.","010324","0","0","0","0","08924037000118","Baixar","052026"
"Bonito de Santa Fé","Prefeitura Municipal de Bonito de Santa Fé","2026","0000000184187","Conta Investimento - Fundo de Investimento","PM BSF ESCOLA EM TEMPO INTEGRAL - ETI, LEI Nº 14.6          ","001","BCO DO BRASIL S.A.","010324","1.04","0","0","1.04","08924037000118","Baixar","052026"
"Bonito de Santa Fé","Prefeitura Municipal de Bonito de Santa Fé","2026","0000000184187","Conta Corrente","PM BSF ESCOLA EM TEMPO INTEGRAL - ETI, LEI Nº 14.6          ","001","BCO DO BRASIL S.A.","010324","0","0","0","0","08924037000118","Baixar","052026"
"Bonito de Santa Fé","Prefeitura Municipal de Bonito de Santa Fé","2026","0000000183962","Conta Investimento - Fundo de Investimento","PM BSF BONITO SANTA FE-EDUCA APL                            ","001","BCO DO BRASIL S.A.","010324","0.68","0","0","0.68","08924037000118","Baixar","052026"
"Bonito de Santa Fé","Prefeitura Municipal de Bonito de Santa Fé","2026","0000000183962","Conta Corrente","PM BSF BONITO SANTA FE-EDUCA                                ","001","BCO DO BRASIL S.A.","010324","0","0","0","0","08924037000118","Baixar","052026"
"Bonito de Santa Fé","Prefeitura Municipal de Bonito de Santa Fé","2026","0000000183539","Conta Investimento - Fundo de Investimento","PM BSF - PORTAL - 18353-9 - APL                             ","001","BCO DO BRASIL S.A.","010324","70006.4","0","0","70006.4","08924037000118","Baixar","052026"
"Bonito de Santa Fé","Prefeitura Municipal de Bonito de Santa Fé","2026","0000000183539","Conta Corrente","PM BSF - PORTAL - 18353-9                                   ","001","BCO DO BRASIL S.A.","010324","0","0","0","0","08924037000118","Baixar","052026"
"Bonito de Santa Fé","Prefeitura Municipal de Bonito de Santa Fé","2026","0000000183083","Conta Investimento - Fundo de Investimento","PM BSF SIGTV250240920230001 GND3 APL                        ","001","BCO DO BRASIL S.A.","010324","0","0","0","0","08924037000118","Baixar","052026"
"Bonito de Santa Fé","Prefeitura Municipal de Bonito de Santa Fé","2026","0000000183083","Conta Corrente","PM BSF SIGTV250240920230001 GND3                            ","001","BCO DO BRASIL S.A.","010324","0","0","0","0","08924037000118","Baixar","052026"
"Bonito de Santa Fé","Prefeitura Municipal de Bonito de Santa Fé","2026","0000000182877","Conta Investimento - Fundo de Investimento","PM BSF COMPLEMENTAÇÃO PISO ENFERMAGEM APL                   ","001","BCO DO BRASIL S.A.","010324","0","0","0","0","08924037000118","Baixar","052026"
"Bonito de Santa Fé","Prefeitura Municipal de Bonito de Santa Fé","2026","0000000182877","Conta Corrente","PM BSF COMPLEMENTAÇÃO PISO ENFERMAGEM                       ","001","BCO DO BRASIL S.A.","010324","0","0","0","0","08924037000118","Baixar","052026"
"Bonito de Santa Fé","Prefeitura Municipal de Bonito de Santa Fé","2026","0000000182168","Conta Investimento - Fundo de Investimento","PM BSF - LEI PAULO GUSTAVO LC- 195 - ART 8 APL              ","001","BCO DO BRASIL S.A.","010324","0","0","0","0","08924037000118","Baixar","052026"
"Bonito de Santa Fé","Prefeitura Municipal de Bonito de Santa Fé","2026","0000000182168","Conta Corrente","PM BSF - LEI PAULO GUSTAVO LC- 195 - ART 8                  ","001","BCO DO BRASIL S.A.","010324","0","0","0","0","08924037000118","Baixar","052026"
"Bonito de Santa Fé","Prefeitura Municipal de Bonito de Santa Fé","2026","000000018215X","Conta Investimento - Fundo de Investimento","PM BSF - LEI PAULO GUSTAVO LC- 195 - ART 5 APL              ","001","BCO DO BRASIL S.A.","010324","0","0","0","0","08924037000118","Baixar","052026"
"Bonito de Santa Fé","Prefeitura Municipal de Bonito de Santa Fé","2026","000000018215X","Conta Corrente","PM BSF - LEI PAULO GUSTAVO LC- 195 - ART 5                  ","001","BCO DO BRASIL S.A.","010324","0","0","0","0","08924037000118","Baixar","052026"
"Bonito de Santa Fé","Prefeitura Municipal de Bonito de Santa Fé","2026","000000018120X","Conta Investimento - Fundo de Investimento","IGD BONITOSANTAFE APL                                       ","001","BCO DO BRASIL S.A.","010324","7847.54","0","0","7847.54","08924037000118","Baixar","052026"
"Bonito de Santa Fé","Prefeitura Municipal de Bonito de Santa Fé","2026","000000018120X","Conta Corrente","IGD BONITOSANTAFE                                           ","001","BCO DO BRASIL S.A.","010324","0","0","0","0","08924037000118","Baixar","052026"
"Bonito de Santa Fé","Prefeitura Municipal de Bonito de Santa Fé","2026","0000000180939","Conta Investimento - Fundo de Investimento","BONITOSTFEPROCAD-SUAS APL                                   ","001","BCO DO BRASIL S.A.","010324","34473.92","0","0","34473.92","08924037000118","Baixar","052026"
"Bonito de Santa Fé","Prefeitura Municipal de Bonito de Santa Fé","2026","0000000180939","Conta Corrente","BONITOSTFEPROCAD-SUAS                                       ","001","BCO DO BRASIL S.A.","010324","0","0","0","0","08924037000118","Baixar","052026"
"Bonito de Santa Fé","Prefeitura Municipal de Bonito de Santa Fé","2026","0000000175013","Conta Investimento - Outras Aplicações Financeiras de Liquidez Imediata","F M SAUDE PBSF CUSTEIO - APLICACAO                          ","001","BCO DO BRASIL S.A.","010324","21068.03","0","0","21068.03","08924037000118","Baixar","052026"
"Bonito de Santa Fé","Prefeitura Municipal de Bonito de Santa Fé","2026","0000000175013","Conta Corrente","F M SAUDE PBSF CUSTEIO                                      ","001","BCO DO BRASIL S.A.","010324","0","0","0","0","08924037000118","Baixar","052026"
"Bonito de Santa Fé","Prefeitura Municipal de Bonito de Santa Fé","2026","0000000174386","Conta Investimento - Outras Aplicações Financeiras de Liquidez Imediata","MDSE ACAO SOCIAL IGD-PAB - APLICACAO                        ","001","BCO DO BRASIL S.A.","010324","0","0","0","0","08924037000118","Baixar","052026"
"Bonito de Santa Fé","Prefeitura Municipal de Bonito de Santa Fé","2026","0000000174386","Conta Corrente","MDSE ACAO SOCIAL IGD-PAB                                    ","001","BCO DO BRASIL S.A.","010324","0","0","0","0","08924037000118","Baixar","052026"
"Bonito de Santa Fé","Prefeitura Municipal de Bonito de Santa Fé","2026","0000000173703","Conta Investimento - Fundo de Investimento","MDS A. SOCIAL INVESTIMENTO - DESIGTV G32021 APLICA          ","001","BCO DO BRASIL S.A.","010324","205.81","0","0","205.81","08924037000118","Baixar","052026"
"Bonito de Santa Fé","Prefeitura Municipal de Bonito de Santa Fé","2026","0000000173703","Conta Corrente","MDS ACAO SOCIAL INVESTIMENTO - DESIGTV G32021               ","001","BCO DO BRASIL S.A.","010324","0","0","0","0","08924037000118","Baixar","052026"
"Bonito de Santa Fé","Prefeitura Municipal de Bonito de Santa Fé","2026","0000000173355","Conta Investimento - Outras Aplicações Financeiras de Liquidez Imediata","BB 17.335-5 CV 4202021 BSANTAFE - C. E (APLICACAO)          ","001","BCO DO BRASIL S.A.","010324","219000.92","0","0","219000.92","08924037000118","Baixar","052026"
"Bonito de Santa Fé","Prefeitura Municipal de Bonito de Santa Fé","2026","0000000173355","Conta Corrente","BB 17.335-5 - CV 4202021 BSANTAFE - CONST. DE ESCO          ","001","BCO DO BRASIL S.A.","010324","0","0","0","0","08924037000118","Baixar","052026"
"Bonito de Santa Fé","Prefeitura Municipal de Bonito de Santa Fé","2026","0000000173215","Conta Investimento - Outras Aplicações Financeiras de Liquidez Imediata","PMBSF PORTAL-APLICACAO                                      ","001","BCO DO BRASIL S.A.","010324","0","0","0","0","08924037000118","Baixar","052026"
"Bonito de Santa Fé","Prefeitura Municipal de Bonito de Santa Fé","2026","0000000173215","Conta Corrente","PMBSF PORTAL                                                ","001","BCO DO BRASIL S.A.","010324","0","0","0","0","08924037000118","Baixar","052026"
"Bonito de Santa Fé","Prefeitura Municipal de Bonito de Santa Fé","2026","000000016500X","Conta Investimento - Outras Aplicações Financeiras de Liquidez Imediata","PFEC-LC173-ART.5-ASSIST.CONTA APLICACAO                     ","001","BCO DO BRASIL S.A.","010324","0.52","0","0","0.52","08924037000118","Baixar","052026"
"Bonito de Santa Fé","Prefeitura Municipal de Bonito de Santa Fé","2026","000000016500X","Conta Corrente","PFEC-LC173-ART.5-ASSIST.CONTA CORRENTE                      ","001","BCO DO BRASIL S.A.","010324","0","0","0","0","08924037000118","Baixar","052026"
"Bonito de Santa Fé","Prefeitura Municipal de Bonito de Santa Fé","2026","0000000164739","Conta Investimento - Outras Aplicações Financeiras de Liquidez Imediata","CONTA APLICACAO TRANFERÊNCIAS ESPECIAIS                     ","001","BCO DO BRASIL S.A.","010324","3288.64","0","0","3288.64","08924037000118","Baixar","052026"
"Bonito de Santa Fé","Prefeitura Municipal de Bonito de Santa Fé","2026","0000000164739","Conta Corrente","CONTA CORRENTE TRANFERÊNCIAS ESPECIAIS                      ","001","BCO DO BRASIL S.A.","010324","0","0","0","0","08924037000118","Baixar","052026"
"Bonito de Santa Fé","Prefeitura Municipal de Bonito de Santa Fé","2026","0000000164569","Conta Investimento - Outras Aplicações Financeiras de Liquidez Imediata","CONTA APLICACAO ACOES DO COVID NO SUAS PARA EPI             ","001","BCO DO BRASIL S.A.","010324","0","0","0","0","08924037000118","Baixar","052026"
"Bonito de Santa Fé","Prefeitura Municipal de Bonito de Santa Fé","2026","0000000164569","Conta Corrente","CONTA CORRENTE ACOES DO COVID NO SUAS PARA EPI              ","001","BCO DO BRASIL S.A.","010324","0","0","0","0","08924037000118","Baixar","052026"
"Bonito de Santa Fé","Prefeitura Municipal de Bonito de Santa Fé","2026","0000000163295","Conta Investimento - Outras Aplicações Financeiras de Liquidez Imediata","CONTA INVESTIMENTO COFINANCIAMENTO DO ESTADO                ","001","BCO DO BRASIL S.A.","010324","32166.54","0","0","32166.54","08924037000118","Baixar","052026"
"Bonito de Santa Fé","Prefeitura Municipal de Bonito de Santa Fé","2026","0000000163295","Conta Corrente","CONTA CORRENTE COFINANCIAMENTO DO ESTADO                    ","001","BCO DO BRASIL S.A.","010324","0","0","0","0","08924037000118","Baixar","052026"
"Bonito de Santa Fé","Prefeitura Municipal de Bonito de Santa Fé","2026","0000000160857","Conta Investimento - Outras Aplicações Financeiras de Liquidez Imediata","CONTA CORRENTE IPI (aplicacao)                              ","001","BCO DO BRASIL S.A.","010324","570.01","0","0","570.01","08924037000118","Baixar","052026"
"Bonito de Santa Fé","Prefeitura Municipal de Bonito de Santa Fé","2026","0000000160857","Conta Corrente","CONTA CORRENTE IPI                                          ","001","BCO DO BRASIL S.A.","010324","0","0","0","0","08924037000118","Baixar","052026"
"Bonito de Santa Fé","Prefeitura Municipal de Bonito de Santa Fé","2026","0000000158496","Conta Investimento - Outras Aplicações Financeiras de Liquidez Imediata","CFM-PRD.MINERAL CORRENTE - aplicacao                        ","001","BCO DO BRASIL S.A.","010324","1829.55","0","0","1829.55","08924037000118","Baixar","052026"
"Bonito de Santa Fé","Prefeitura Municipal de Bonito de Santa Fé","2026","0000000158496","Conta Corrente","CFM-PRD.MINERAL CORRENTE                                    ","001","BCO DO BRASIL S.A.","010324","0","0","0","0","08924037000118","Baixar","052026"
"Bonito de Santa Fé","Prefeitura Municipal de Bonito de Santa Fé","2026","0000000157929","Conta Investimento - Outras Aplicações Financeiras de Liquidez Imediata","FMS INVEST SUS APLICACAO                                    ","001","BCO DO BRASIL S.A.","010324","1534817.66","0","0","1534817.66","08924037000118","Baixar","052026"
"Bonito de Santa Fé","Prefeitura Municipal de Bonito de Santa Fé","2026","0000000157929","Conta Corrente","FMS INVEST SUS                                              ","001","BCO DO BRASIL S.A.","010324","0","0","0","0","08924037000118","Baixar","052026"
"Bonito de Santa Fé","Prefeitura Municipal de Bonito de Santa Fé","2026","000000015783X","Conta Investimento - Outras Aplicações Financeiras de Liquidez Imediata","FMS CUSTEIO SUS-APLICACAO                                   ","001","BCO DO BRASIL S.A.","010324","154036.59","0","0","154036.59","08924037000118","Baixar","052026"
"Bonito de Santa Fé","Prefeitura Municipal de Bonito de Santa Fé","2026","000000015783X","Conta Corrente","FMS CUSTEIO SUS                                             ","001","BCO DO BRASIL S.A.","010324","0","0","0","0","08924037000118","Baixar","052026"
"Bonito de Santa Fé","Prefeitura Municipal de Bonito de Santa Fé","2026","0000000157791","Conta Investimento - Outras Aplicações Financeiras de Liquidez Imediata","PAR-BRINQ PROINFANCIA-APLICACAO.                            ","001","BCO DO BRASIL S.A.","010324","34006.07","0","0","34006.07","08924037000118","Baixar","052026"
"Bonito de Santa Fé","Prefeitura Municipal de Bonito de Santa Fé","2026","0000000157791","Conta Corrente","PAR-BRINQ PROINFANCIA-CORRENTE                              ","001","BCO DO BRASIL S.A.","010324","0","0","0","0","08924037000118","Baixar","052026"
"Bonito de Santa Fé","Prefeitura Municipal de Bonito de Santa Fé","2026","0000000157783","Conta Investimento - Outras Aplicações Financeiras de Liquidez Imediata","ONIBUS PRONACAMPO-CAMINHO DA ESCOLA-APLICACAO.              ","001","BCO DO BRASIL S.A.","010324","0.94","0","0","0.94","08924037000118","Baixar","052026"
"Bonito de Santa Fé","Prefeitura Municipal de Bonito de Santa Fé","2026","0000000157783","Conta Corrente","ONIBUS PRONACAMPO-CAMINHO DA ESCOLA-CORRENTE                ","001","BCO DO BRASIL S.A.","010324","0","0","0","0","08924037000118","Baixar","052026"
"Bonito de Santa Fé","Prefeitura Municipal de Bonito de Santa Fé","2026","0000000156477","Conta Investimento - Outras Aplicações Financeiras de Liquidez Imediata","SBPC ESCOLA APLICACAO                                       ","001","BCO DO BRASIL S.A.","010324","0","0","0","0","08924037000118","Baixar","052026"
"Bonito de Santa Fé","Prefeitura Municipal de Bonito de Santa Fé","2026","0000000156477","Conta Corrente","SBPC ESCOLA                                                 ","001","BCO DO BRASIL S.A.","010324","0","0","0","0","08924037000118","Baixar","052026"
"Bonito de Santa Fé","Prefeitura Municipal de Bonito de Santa Fé","2026","0000000155802","Conta Investimento - Outras Aplicações Financeiras de Liquidez Imediata","CRIANCA FELIZ (APLICACAO)                                   ","001","BCO DO BRASIL S.A.","010324","29561.51","0","0","29561.51","08924037000118","Baixar","052026"
"Bonito de Santa Fé","Prefeitura Municipal de Bonito de Santa Fé","2026","0000000155802","Conta Corrente","CRIANCA FELIZ                                               ","001","BCO DO BRASIL S.A.","010324","0","0","0","0","08924037000118","Baixar","052026"
"Bonito de Santa Fé","Prefeitura Municipal de Bonito de Santa Fé","2026","000000015444X","Conta Investimento - Outras Aplicações Financeiras de Liquidez Imediata","INFRAESTRUTURA ESCOLAR - PAR EQUIPAMENTO                    ","001","BCO DO BRASIL S.A.","010324","0","0","0","0","08924037000118","Baixar","052026"
"Bonito de Santa Fé","Prefeitura Municipal de Bonito de Santa Fé","2026","000000015444X","Conta Corrente","INFRAESTRUTURA ESCOLAR - PAR EQUIPAMENTO                    ","001","BCO DO BRASIL S.A.","010324","0","0","0","0","08924037000118","Baixar","052026"
"Bonito de Santa Fé","Prefeitura Municipal de Bonito de Santa Fé","2026","0000000151165","Conta Investimento - Outras Aplicações Financeiras de Liquidez Imediata","PSB FNAS (APLICACAO)                                        ","001","BCO DO BRASIL S.A.","010324","3785.94","0","0","3785.94","08924037000118","Baixar","052026"
"Bonito de Santa Fé","Prefeitura Municipal de Bonito de Santa Fé","2026","0000000151165","Conta Corrente","PSB FNAS Conta Corrente                                     ","001","BCO DO BRASIL S.A.","010324","0","0","0","0","08924037000118","Baixar","052026"
"Bonito de Santa Fé","Prefeitura Municipal de Bonito de Santa Fé","2026","0000000151106","Conta Investimento - Outras Aplicações Financeiras de Liquidez Imediata","BL GBF-GESTAO BOLSA FAMILIA (APLICACAO)                     ","001","BCO DO BRASIL S.A.","010324","13775.26","0","0","13775.26","08924037000118","Baixar","052026"
"Bonito de Santa Fé","Prefeitura Municipal de Bonito de Santa Fé","2026","0000000151106","Conta Corrente","BL GBF-GESTAO BOLSA FAMILIA                                 ","001","BCO DO BRASIL S.A.","010324","0","0","0","0","08924037000118","Baixar","052026"
"Bonito de Santa Fé","Prefeitura Municipal de Bonito de Santa Fé","2026","000000014360X","Conta Investimento - Outras Aplicações Financeiras de Liquidez Imediata","PAC I - QUADRA ESPORTIVA (APLICACAO)                        ","001","BCO DO BRASIL S.A.","010324","124509.47","0","0","124509.47","08924037000118","Baixar","052026"
"Bonito de Santa Fé","Prefeitura Municipal de Bonito de Santa Fé","2026","000000014360X","Conta Corrente","PAC I - QUADRA ESPORTIVA                                    ","001","BCO DO BRASIL S.A.","010324","0","0","0","0","08924037000118","Baixar","052026"
"Bonito de Santa Fé","Prefeitura Municipal de Bonito de Santa Fé","2026","0000000128082","Conta Investimento - Outras Aplicações Financeiras de Liquidez Imediata","C/C 12.808-2  FUNARTE/INSTRUM. MUSICAIS (APLICACAO          ","001","BCO DO BRASIL S.A.","010324","0.79","0","0","0.79","08924037000118","Baixar","052026"
"Bonito de Santa Fé","Prefeitura Municipal de Bonito de Santa Fé","2026","0000000128082","Conta Corrente","C/C 12.808-2  FUNARTE/INSTRUM. MUSICAIS                     ","001","BCO DO BRASIL S.A.","010324","0","0","0","0","08924037000118","Baixar","052026"
"Bonito de Santa Fé","Prefeitura Municipal de Bonito de Santa Fé","2026","0000000112054","Conta Investimento - Outras Aplicações Financeiras de Liquidez Imediata","11.205-4-MERENDA ESCOLAR (APLICACAO)                        ","001","BCO DO BRASIL S.A.","010324","98445.83","0","0","98445.83","08924037000118","Baixar","052026"
"Bonito de Santa Fé","Prefeitura Municipal de Bonito de Santa Fé","2026","0000000112054","Conta Corrente","11.205-4-MERENDA ESCOLAR                                    ","001","BCO DO BRASIL S.A.","010324","0","0","0","0","08924037000118","Baixar","052026"
"Bonito de Santa Fé","Prefeitura Municipal de Bonito de Santa Fé","2026","0000000099481","Conta Investimento - Outras Aplicações Financeiras de Liquidez Imediata","9.948-1 SIMPL NAC (APLICACAO)                               ","001","BCO DO BRASIL S.A.","010324","4424.96","0","0","4424.96","08924037000118","Baixar","052026"
"Bonito de Santa Fé","Prefeitura Municipal de Bonito de Santa Fé","2026","0000000099481","Conta Corrente","9.948-1 SIMPL NAC                                           ","001","BCO DO BRASIL S.A.","010324","0","0","0","0","08924037000118","Baixar","052026"
"Bonito de Santa Fé","Prefeitura Municipal de Bonito de Santa Fé","2026","0000000096520","Conta Investimento - Outras Aplicações Financeiras de Liquidez Imediata","9.652-0 FUNDEB (APLICACAO)                                  ","001","BCO DO BRASIL S.A.","010324","0","0","0","0","08924037000118","Baixar","052026"
"Bonito de Santa Fé","Prefeitura Municipal de Bonito de Santa Fé","2026","0000000096520","Conta Corrente","9.652-0 FUNDEB                                              ","001","BCO DO BRASIL S.A.","010324","0","0","0","0","08924037000118","Baixar","052026"
"Bonito de Santa Fé","Prefeitura Municipal de Bonito de Santa Fé","2026","000000008249X","Conta Investimento - Outras Aplicações Financeiras de Liquidez Imediata","8.249-X CIDE (APLICACAO)                                    ","001","BCO DO BRASIL S.A.","010324","7291.37","0","0","7291.37","08924037000118","Baixar","052026"
"Bonito de Santa Fé","Prefeitura Municipal de Bonito de Santa Fé","2026","000000008249X","Conta Corrente","8.249-X CIDE                                                ","001","BCO DO BRASIL S.A.","010324","0","0","0","0","08924037000118","Baixar","052026"
"Bonito de Santa Fé","Prefeitura Municipal de Bonito de Santa Fé","2026","0000000082198","Conta Investimento - Outras Aplicações Financeiras de Liquidez Imediata","8.219-8 PNATE (APLICACAO)                                   ","001","BCO DO BRASIL S.A.","010324","3531.99","0","0","3531.99","08924037000118","Baixar","052026"
"Bonito de Santa Fé","Prefeitura Municipal de Bonito de Santa Fé","2026","0000000082198","Conta Corrente","8.219-8 PNATE                                               ","001","BCO DO BRASIL S.A.","010324","0","0","0","0","08924037000118","Baixar","052026"
"Bonito de Santa Fé","Prefeitura Municipal de Bonito de Santa Fé","2026","0000000081388","Conta Investimento - Outras Aplicações Financeiras de Liquidez Imediata","8.138-8 QMSE (APLICACAO)                                    ","001","BCO DO BRASIL S.A.","010324","0","0","0","0","08924037000118","Baixar","052026"
"Bonito de Santa Fé","Prefeitura Municipal de Bonito de Santa Fé","2026","0000000081388","Conta Corrente","8.138-8 QMSE                                                ","001","BCO DO BRASIL S.A.","010324","0","0","0","0","08924037000118","Baixar","052026"
"Bonito de Santa Fé","Prefeitura Municipal de Bonito de Santa Fé","2026","0000000070424","Conta Investimento - Outras Aplicações Financeiras de Liquidez Imediata","7.042-4 IPVA (APLICACAO)                                    ","001","BCO DO BRASIL S.A.","010324","6387.58","0","0","6387.58","08924037000118","Baixar","052026"
"Bonito de Santa Fé","Prefeitura Municipal de Bonito de Santa Fé","2026","0000000070424","Conta Corrente","7.042-4 IPVA                                                ","001","BCO DO BRASIL S.A.","010324","0","0","0","0","08924037000118","Baixar","052026"
"Bonito de Santa Fé","Prefeitura Municipal de Bonito de Santa Fé","2026","0000000070335","Conta Investimento - Outras Aplicações Financeiras de Liquidez Imediata","7.033-5 ICMS (APLICACAO)                                    ","001","BCO DO BRASIL S.A.","010324","0","0","0","0","08924037000118","Baixar","052026"
"Bonito de Santa Fé","Prefeitura Municipal de Bonito de Santa Fé","2026","0000000070335","Conta Corrente","7.033-5 ICMS                                                ","001","BCO DO BRASIL S.A.","010324","0","162.34","0","162.34","08924037000118","Baixar","052026"
"Bonito de Santa Fé","Prefeitura Municipal de Bonito de Santa Fé","2026","0000000067172","Conta Investimento - Outras Aplicações Financeiras de Liquidez Imediata","6.717-2 FEP LEI ESP 7525 (APLICACAO)                        ","001","BCO DO BRASIL S.A.","010324","40104.65","0","0","40104.65","08924037000118","Baixar","052026"
"Bonito de Santa Fé","Prefeitura Municipal de Bonito de Santa Fé","2026","0000000067172","Conta Corrente","6.717-2 FEP LEI ESP 7525                                    ","001","BCO DO BRASIL S.A.","010324","0","30","0","30","08924037000118","Baixar","052026"
"Bonito de Santa Fé","Prefeitura Municipal de Bonito de Santa Fé","2026","0000000063045","Conta Investimento - Outras Aplicações Financeiras de Liquidez Imediata","6.304-5 CIATA (APLICACAO)                                   ","001","BCO DO BRASIL S.A.","010324","3258.93","0","0","3258.93","08924037000118","Baixar","052026"
"Bonito de Santa Fé","Prefeitura Municipal de Bonito de Santa Fé","2026","0000000063045","Conta Corrente","6.304-5 CIATA                                               ","001","BCO DO BRASIL S.A.","010324","0","0","0","0","08924037000118","Baixar","052026"
"Bonito de Santa Fé","Prefeitura Municipal de Bonito de Santa Fé","2026","000000005416X","Conta Investimento - Outras Aplicações Financeiras de Liquidez Imediata","5.416-X PDDE (APLICACAO)                                    ","001","BCO DO BRASIL S.A.","010324","5627.06","0","0","5627.06","08924037000118","Baixar","052026"
"Bonito de Santa Fé","Prefeitura Municipal de Bonito de Santa Fé","2026","000000005416X","Conta Corrente","5.416-X PDDE                                                ","001","BCO DO BRASIL S.A.","010324","0","0","0","0","08924037000118","Baixar","052026"
"Bonito de Santa Fé","Prefeitura Municipal de Bonito de Santa Fé","2026","0000000043087","Conta Investimento - Outras Aplicações Financeiras de Liquidez Imediata","4.308-7 FPM (APLICACAO)                                     ","001","BCO DO BRASIL S.A.","010324","10172.61","0","0","10172.61","08924037000118","Baixar","052026"
"Bonito de Santa Fé","Prefeitura Municipal de Bonito de Santa Fé","2026","0000000043087","Conta Corrente","4.308-7 FPM                                                 ","001","BCO DO BRASIL S.A.","010324","0","0","0","0","08924037000118","Baixar","052026"
"Bonito de Santa Fé","Prefeitura Municipal de Bonito de Santa Fé","2026","0000000043079","Conta Investimento - Outras Aplicações Financeiras de Liquidez Imediata","4.307-9 INCRA (APLICACAO)                                   ","001","BCO DO BRASIL S.A.","010324","217.45","0","0","217.45","08924037000118","Baixar","052026"
"Bonito de Santa Fé","Prefeitura Municipal de Bonito de Santa Fé","2026","0000000043079","Conta Corrente","4.307-9 INCRA                                               ","001","BCO DO BRASIL S.A.","010324","0","0","0","0","08924037000118","Baixar","052026"
"Bonito de Santa Fé","Prefeitura Municipal de Bonito de Santa Fé","2026","0000000003719","Conta Corrente","371-9 IPI BANCO SANTANDER                                   ","033","BCO SANTANDER (BRASIL) S.A.","004185","453.05","0","0","453.05","08924037000118","Baixar","052026"
"Bonito de Santa Fé","Prefeitura Municipal de Bonito de Santa Fé","2026","0000000000000","Conta Corrente","Tesouraria - CAIXA                                          ","000","Conta Caixa","000000","6578.53","0","0","6578.53","08924037000118","Baixar","052026"
"Bonito de Santa Fé","Instituto de Prev. dos Serv. Municipal Bonitense","2026","0000001190008","Conta Corrente - Fopag","FOPAG TEMP                                                  ","001","BCO DO BRASIL S.A.","010324","0","0","0","0","02739758000171","Baixar","052026"
"Bonito de Santa Fé","Instituto de Prev. dos Serv. Municipal Bonitense","2026","0000000170909","Conta Investimento - Fundo de Investimento","C/A 17090-9 TAXA ADMINISTRATIVA - APLICAÇÃO                 ","001","BCO DO BRASIL S.A.","010324","0","0","0","0","00000000120766","Baixar","052026"
"Bonito de Santa Fé","Instituto de Prev. dos Serv. Municipal Bonitense","2026","0000000170909","Conta Corrente","C/C 17090-9 TAXA ADMINISTRATIVA                             ","001","BCO DO BRASIL S.A.","010324","3917.44","16.76","0","3934.2","02739758000171","Baixar","052026"
"Bonito de Santa Fé","Instituto de Prev. dos Serv. Municipal Bonitense","2026","0000000107050","Conta Investimento - Outras Aplicações Financeiras de Liquidez Imediata","INST PREV SERV MUNIC BONITENSE (APLICACAO)                  ","001","BCO DO BRASIL S.A.","010324","14882952.61","0","0","14882952.61","00000000120766","Baixar","052026"
"Bonito de Santa Fé","Instituto de Prev. dos Serv. Municipal Bonitense","2026","0000000107050","Conta Corrente","INST PREV SERV MUNIC BONITENSE                              ","001","BCO DO BRASIL S.A.","010324","0","219.27","0","219.27","02739758000171","Baixar","052026"
"Bonito de Santa Fé","Instituto de Prev. dos Serv. Municipal Bonitense","2026","0000000107034","Conta Investimento - Outras Aplicações Financeiras de Liquidez Imediata","IPASB APOSENTADORIAS FUNCIONAIS (APLICAÇÃO)                 ","001","BCO DO BRASIL S.A.","010324","38718.49","0","0","38718.49","00000000120766","Baixar","052026"
"Bonito de Santa Fé","Instituto de Prev. dos Serv. Municipal Bonitense","2026","0000000107034","Conta Corrente","IPASB APOSENTADORIAS FUNCIONAIS                             ","001","BCO DO BRASIL S.A.","010324","0","0","0","0","02739758000171","Baixar","052026"
"Bonito de Santa Fé","Instituto de Prev. dos Serv. Municipal Bonitense","2026","0000000000000","Conta Corrente","Tesouraria - CAIXA                                          ","000","Conta Caixa","000000","0.9","0","0","0.9","02739758000171","Baixar","052026"